Clase,Pieza,Superficie_1,Superficie_2,Tamaño_cavidad_mm,Estado_cavidad,Técnica,Tipo_resina,Índice_contracción_%,Peso_resina_inicial_mg,Peso_sobrante_mg,Margen_cavo_mm,Ajuste_margen
IV,6,Incisal,Mesial,1.17,Limpia,Estratificación,Bulk,4.89,61.58,7.74,1.38,Subobturado
IV,6,Incisal,Mesial,3.96,Limpia,Bulk,Fluida,1.84,86.7,12.63,1.05,Subobturado
IV,6,Incisal,Mesial,3.29,Con tejido remanente,Estratificación,Bulk,4.67,60.98,4.54,0.64,Subobturado
IV,6,Incisal,Mesial,4.53,Limpia,Bulk,Fluida,1.83,71.9,11.12,1.63,Subobturado
IV,6,Incisal,Mesial,1.78,Con tejido remanente,Bulk,Fluida,2.7,85.68,11.95,0.91,Equiobturado
IV,6,Incisal,Mesial,1.29,Con tejido remanente,Bulk,Compuesta,4.01,51.86,4.48,1.73,Subobturado
IV,6,Incisal,Mesial,3.89,Limpia,Estratificación,Fluida,1.39,91.77,9.25,0.75,Sobreobturado
IV,6,Incisal,Mesial,1.6,Con tejido remanente,Bulk,Fluida,4.74,94.53,8.95,1.35,Equiobturado
IV,6,Incisal,Mesial,4.23,Con tejido remanente,Bulk,Con fibra de vidrio,3.44,62.75,6.44,1.97,Subobturado
IV,6,Incisal,Mesial,2.43,Con tejido remanente,Bulk,Compuesta,2.96,72.23,9.9,1.29,Subobturado
IV,6,Incisal,Mesial,1.6,Limpia,Bulk,Bulk,4.69,85.99,3.03,1.82,Subobturado
IV,6,Incisal,Mesial,2.3,Con tejido remanente,Bulk,Bulk,3.03,67.72,12.09,1.28,Sobreobturado
IV,6,Incisal,Mesial,2.29,Con tejido remanente,Estratificación,Compuesta,1.68,112.27,9.92,2.0,Subobturado
IV,6,Incisal,Mesial,2.28,Limpia,Estratificación,Bulk,1.67,78.13,10.9,1.45,Sobreobturado
IV,6,Incisal,Mesial,3.22,Limpia,Bulk,Bulk,1.44,97.93,3.24,1.95,Equiobturado
IV,6,Incisal,Mesial,2.33,Limpia,Estratificación,Compuesta,3.54,86.23,16.88,0.93,Subobturado
IV,6,Incisal,Mesial,4.88,Con tejido remanente,Estratificación,Fluida,2.71,97.86,14.86,1.9,Subobturado
IV,6,Incisal,Mesial,3.4,Con tejido remanente,Bulk,Compuesta,1.15,62.69,0.25,1.45,Subobturado
IV,6,Incisal,Mesial,4.87,Con tejido remanente,Estratificación,Compuesta,4.97,53.64,5.88,1.84,Subobturado
IV,6,Incisal,Mesial,3.93,Con tejido remanente,Estratificación,Con fibra de vidrio,2.34,116.6,1.47,1.89,Equiobturado
IV,6,Incisal,Distal,1.34,Limpia,Bulk,Bulk,2.32,65.53,4.88,0.73,Sobreobturado
IV,6,Incisal,Distal,3.34,Con tejido remanente,Bulk,Compuesta,2.23,83.98,5.28,1.55,Subobturado
IV,6,Incisal,Distal,2.32,Con tejido remanente,Estratificación,Con fibra de vidrio,3.88,92.26,16.79,1.12,Subobturado
IV,6,Incisal,Distal,4.76,Limpia,Estratificación,Fluida,1.44,103.45,11.47,0.91,Equiobturado
IV,6,Incisal,Distal,4.9,Limpia,Bulk,Bulk,1.68,119.45,7.75,0.91,Subobturado
IV,6,Incisal,Distal,2.05,Con tejido remanente,Bulk,Con fibra de vidrio,4.05,107.99,18.25,1.0,Sobreobturado
IV,6,Incisal,Distal,1.57,Con tejido remanente,Estratificación,Con fibra de vidrio,4.8,81.11,2.95,0.57,Sobreobturado
IV,6,Incisal,Distal,4.31,Limpia,Bulk,Fluida,2.62,51.69,10.15,0.85,Sobreobturado
IV,6,Incisal,Distal,1.31,Con tejido remanente,Estratificación,Compuesta,1.9,105.97,19.03,1.73,Equiobturado
IV,6,Incisal,Distal,3.15,Limpia,Bulk,Con fibra de vidrio,3.64,114.99,6.78,1.56,Sobreobturado
IV,6,Incisal,Distal,3.85,Con tejido remanente,Bulk,Fluida,2.06,102.0,0.81,1.59,Equiobturado
IV,6,Incisal,Distal,1.64,Limpia,Bulk,Con fibra de vidrio,4.26,118.51,14.29,1.49,Subobturado
IV,6,Incisal,Distal,4.21,Limpia,Estratificación,Fluida,3.58,111.25,20.64,0.86,Sobreobturado
IV,6,Incisal,Distal,3.54,Con tejido remanente,Bulk,Con fibra de vidrio,2.71,103.9,14.76,1.46,Subobturado
IV,6,Incisal,Distal,4.91,Limpia,Bulk,Bulk,4.67,117.81,8.69,1.38,Equiobturado
IV,6,Incisal,Distal,1.52,Limpia,Bulk,Con fibra de vidrio,4.66,59.43,4.73,1.68,Sobreobturado
IV,6,Incisal,Distal,1.44,Limpia,Bulk,Compuesta,3.68,104.1,13.02,1.37,Subobturado
IV,6,Incisal,Distal,4.97,Limpia,Estratificación,Compuesta,1.91,61.91,0.11,0.89,Equiobturado
IV,6,Incisal,Distal,1.49,Con tejido remanente,Bulk,Con fibra de vidrio,4.3,50.99,8.65,0.69,Equiobturado
IV,6,Incisal,Distal,2.08,Limpia,Estratificación,Fluida,1.62,64.22,12.12,0.65,Sobreobturado
IV,7,Incisal,Mesial,4.83,Con tejido remanente,Bulk,Con fibra de vidrio,2.56,81.25,12.37,1.7,Subobturado
IV,7,Incisal,Mesial,2.71,Limpia,Estratificación,Fluida,2.75,52.87,8.66,1.75,Sobreobturado
IV,7,Incisal,Mesial,3.24,Limpia,Bulk,Compuesta,4.85,95.38,0.47,1.15,Sobreobturado
IV,7,Incisal,Mesial,4.65,Con tejido remanente,Estratificación,Con fibra de vidrio,2.58,83.27,4.41,0.77,Equiobturado
IV,7,Incisal,Mesial,2.08,Con tejido remanente,Estratificación,Bulk,2.31,113.21,9.35,0.63,Subobturado
IV,7,Incisal,Mesial,4.48,Con tejido remanente,Estratificación,Compuesta,4.6,69.82,0.78,0.57,Sobreobturado
IV,7,Incisal,Mesial,4.11,Limpia,Bulk,Compuesta,4.42,75.28,1.86,1.98,Subobturado
IV,7,Incisal,Mesial,3.19,Limpia,Estratificación,Compuesta,3.29,78.49,2.15,0.96,Subobturado
IV,7,Incisal,Mesial,2.69,Con tejido remanente,Estratificación,Con fibra de vidrio,1.63,97.33,18.97,1.37,Subobturado
IV,7,Incisal,Mesial,1.74,Con tejido remanente,Bulk,Fluida,4.02,99.7,2.98,1.24,Sobreobturado
IV,7,Incisal,Mesial,2.73,Limpia,Bulk,Compuesta,1.74,57.77,3.12,1.57,Sobreobturado
IV,7,Incisal,Mesial,4.75,Limpia,Bulk,Compuesta,4.24,118.37,18.05,0.66,Equiobturado
IV,7,Incisal,Mesial,3.14,Con tejido remanente,Estratificación,Con fibra de vidrio,4.5,93.18,8.53,1.36,Subobturado
IV,7,Incisal,Mesial,3.42,Limpia,Estratificación,Con fibra de vidrio,1.53,60.98,10.51,1.54,Equiobturado
IV,7,Incisal,Mesial,2.28,Con tejido remanente,Bulk,Bulk,3.16,51.57,7.56,1.29,Equiobturado
IV,7,Incisal,Mesial,1.7,Con tejido remanente,Bulk,Bulk,4.88,96.43,15.7,1.54,Equiobturado
IV,7,Incisal,Mesial,2.96,Con tejido remanente,Bulk,Bulk,4.93,99.23,4.68,0.82,Subobturado
IV,7,Incisal,Mesial,4.81,Con tejido remanente,Bulk,Con fibra de vidrio,2.16,86.37,1.11,1.27,Subobturado
IV,7,Incisal,Mesial,4.89,Con tejido remanente,Estratificación,Bulk,1.31,58.86,7.36,0.54,Equiobturado
IV,7,Incisal,Mesial,2.57,Con tejido remanente,Bulk,Con fibra de vidrio,2.39,111.78,3.69,0.93,Subobturado
IV,7,Incisal,Distal,1.92,Con tejido remanente,Estratificación,Fluida,3.91,72.44,6.22,1.82,Sobreobturado
IV,7,Incisal,Distal,3.98,Limpia,Estratificación,Fluida,1.37,111.9,8.79,0.5,Subobturado
IV,7,Incisal,Distal,1.25,Con tejido remanente,Estratificación,Compuesta,2.42,82.07,6.67,1.66,Sobreobturado
IV,7,Incisal,Distal,4.19,Con tejido remanente,Bulk,Compuesta,2.67,60.22,2.31,1.89,Sobreobturado
IV,7,Incisal,Distal,2.63,Limpia,Estratificación,Bulk,2.55,50.03,9.17,1.15,Subobturado
IV,7,Incisal,Distal,3.44,Con tejido remanente,Bulk,Con fibra de vidrio,2.88,110.63,5.47,1.53,Sobreobturado
IV,7,Incisal,Distal,1.18,Con tejido remanente,Estratificación,Compuesta,2.79,85.71,14.33,1.86,Subobturado
IV,7,Incisal,Distal,1.89,Con tejido remanente,Estratificación,Fluida,1.86,85.98,15.15,1.74,Sobreobturado
IV,7,Incisal,Distal,2.54,Con tejido remanente,Estratificación,Con fibra de vidrio,2.16,81.11,8.15,1.03,Sobreobturado
IV,7,Incisal,Distal,3.67,Con tejido remanente,Bulk,Con fibra de vidrio,2.87,104.93,11.24,0.96,Sobreobturado
IV,7,Incisal,Distal,3.16,Limpia,Bulk,Con fibra de vidrio,1.7,67.08,0.3,1.96,Subobturado
IV,7,Incisal,Distal,3.04,Limpia,Estratificación,Fluida,1.78,108.94,16.92,0.6,Sobreobturado
IV,7,Incisal,Distal,3.02,Con tejido remanente,Bulk,Bulk,1.35,55.59,0.53,1.66,Sobreobturado
IV,7,Incisal,Distal,4.86,Limpia,Estratificación,Compuesta,1.88,119.32,5.1,1.02,Equiobturado
IV,7,Incisal,Distal,2.75,Limpia,Estratificación,Fluida,1.41,116.72,18.52,1.14,Subobturado
IV,7,Incisal,Distal,1.73,Con tejido remanente,Bulk,Fluida,4.0,81.42,3.62,1.33,Equiobturado
IV,7,Incisal,Distal,4.17,Limpia,Bulk,Compuesta,1.17,81.78,7.07,1.57,Equiobturado
IV,7,Incisal,Distal,2.78,Con tejido remanente,Estratificación,Fluida,1.55,53.9,10.15,0.92,Subobturado
IV,7,Incisal,Distal,1.52,Con tejido remanente,Estratificación,Compuesta,1.27,119.27,20.12,0.73,Equiobturado
IV,7,Incisal,Distal,1.03,Con tejido remanente,Estratificación,Bulk,2.39,68.53,6.16,1.34,Subobturado
IV,8,Incisal,Mesial,2.37,Limpia,Bulk,Bulk,1.19,84.63,4.93,0.85,Subobturado
IV,8,Incisal,Mesial,2.34,Con tejido remanente,Bulk,Con fibra de vidrio,2.98,68.69,5.91,1.14,Subobturado
IV,8,Incisal,Mesial,4.32,Limpia,Bulk,Bulk,3.94,117.44,20.13,0.85,Equiobturado
IV,8,Incisal,Mesial,1.6,Con tejido remanente,Bulk,Fluida,4.12,64.71,8.58,1.05,Equiobturado
IV,8,Incisal,Mesial,3.56,Limpia,Estratificación,Bulk,1.23,66.16,11.39,1.19,Sobreobturado
IV,8,Incisal,Mesial,2.18,Limpia,Bulk,Bulk,3.09,92.54,10.39,1.41,Sobreobturado
IV,8,Incisal,Mesial,4.05,Limpia,Estratificación,Bulk,1.93,87.33,15.61,1.36,Subobturado
IV,8,Incisal,Mesial,3.45,Con tejido remanente,Estratificación,Fluida,2.27,56.71,3.72,1.17,Subobturado
IV,8,Incisal,Mesial,4.14,Con tejido remanente,Bulk,Fluida,1.64,96.12,8.2,1.56,Subobturado
IV,8,Incisal,Mesial,2.86,Limpia,Bulk,Con fibra de vidrio,4.48,89.33,7.39,0.91,Sobreobturado
IV,8,Incisal,Mesial,1.65,Limpia,Estratificación,Bulk,2.98,85.25,14.46,0.68,Equiobturado
IV,8,Incisal,Mesial,1.09,Limpia,Estratificación,Bulk,2.3,72.48,11.07,1.73,Sobreobturado
IV,8,Incisal,Mesial,1.18,Limpia,Estratificación,Compuesta,3.2,101.88,6.66,1.22,Subobturado
IV,8,Incisal,Mesial,2.13,Limpia,Bulk,Compuesta,2.91,72.7,4.18,1.97,Subobturado
IV,8,Incisal,Mesial,1.03,Con tejido remanente,Estratificación,Con fibra de vidrio,3.54,111.03,4.59,0.59,Sobreobturado
IV,8,Incisal,Mesial,4.4,Limpia,Estratificación,Compuesta,1.86,82.04,9.94,1.13,Sobreobturado
IV,8,Incisal,Mesial,2.52,Con tejido remanente,Bulk,Compuesta,4.86,71.97,2.56,1.62,Equiobturado
IV,8,Incisal,Mesial,3.46,Limpia,Estratificación,Bulk,4.33,107.84,8.26,1.35,Equiobturado
IV,8,Incisal,Mesial,4.08,Con tejido remanente,Estratificación,Fluida,1.29,81.79,14.54,1.22,Equiobturado
IV,8,Incisal,Mesial,3.64,Con tejido remanente,Estratificación,Fluida,2.9,69.83,4.91,1.6,Equiobturado
IV,8,Incisal,Distal,2.14,Con tejido remanente,Estratificación,Fluida,3.5,62.51,7.26,1.58,Sobreobturado
IV,8,Incisal,Distal,1.51,Limpia,Estratificación,Bulk,2.47,112.35,17.22,1.49,Sobreobturado
IV,8,Incisal,Distal,2.29,Con tejido remanente,Bulk,Fluida,2.22,109.88,18.35,1.2,Sobreobturado
IV,8,Incisal,Distal,2.45,Limpia,Bulk,Compuesta,4.16,111.52,11.78,1.6,Subobturado
IV,8,Incisal,Distal,1.07,Limpia,Bulk,Con fibra de vidrio,1.32,102.44,3.83,0.74,Subobturado
IV,8,Incisal,Distal,4.37,Con tejido remanente,Estratificación,Con fibra de vidrio,4.94,81.22,8.65,1.52,Sobreobturado
IV,8,Incisal,Distal,2.28,Con tejido remanente,Bulk,Fluida,3.19,119.72,19.21,1.19,Equiobturado
IV,8,Incisal,Distal,2.79,Con tejido remanente,Estratificación,Con fibra de vidrio,2.81,52.91,1.29,0.99,Sobreobturado
IV,8,Incisal,Distal,3.9,Con tejido remanente,Estratificación,Compuesta,3.65,76.48,10.34,1.07,Subobturado
IV,8,Incisal,Distal,4.45,Con tejido remanente,Bulk,Fluida,1.91,102.72,10.99,1.68,Sobreobturado
IV,8,Incisal,Distal,1.29,Limpia,Estratificación,Fluida,4.37,109.24,9.19,1.54,Sobreobturado
IV,8,Incisal,Distal,3.33,Con tejido remanente,Bulk,Bulk,1.01,67.09,7.66,1.99,Equiobturado
IV,8,Incisal,Distal,1.91,Limpia,Estratificación,Compuesta,3.64,112.73,8.91,0.54,Subobturado
IV,8,Incisal,Distal,4.74,Limpia,Estratificación,Compuesta,4.33,109.48,8.74,0.53,Equiobturado
IV,8,Incisal,Distal,1.32,Limpia,Bulk,Compuesta,1.39,116.45,10.57,1.39,Sobreobturado
IV,8,Incisal,Distal,2.58,Limpia,Bulk,Con fibra de vidrio,4.94,67.89,4.02,0.75,Equiobturado
IV,8,Incisal,Distal,1.07,Con tejido remanente,Bulk,Compuesta,2.22,82.12,10.68,1.03,Equiobturado
IV,8,Incisal,Distal,1.06,Con tejido remanente,Estratificación,Fluida,1.27,63.33,9.22,0.97,Sobreobturado
IV,8,Incisal,Distal,4.94,Con tejido remanente,Estratificación,Compuesta,4.69,86.13,4.24,0.56,Sobreobturado
IV,8,Incisal,Distal,1.54,Limpia,Bulk,Bulk,1.19,92.65,11.76,1.69,Sobreobturado
IV,9,Incisal,Mesial,1.44,Con tejido remanente,Bulk,Con fibra de vidrio,2.24,107.28,20.42,1.22,Equiobturado
IV,9,Incisal,Mesial,4.67,Con tejido remanente,Bulk,Compuesta,4.51,109.74,9.43,0.83,Subobturado
IV,9,Incisal,Mesial,3.35,Con tejido remanente,Estratificación,Compuesta,3.11,51.14,7.64,1.37,Sobreobturado
IV,9,Incisal,Mesial,1.55,Con tejido remanente,Bulk,Bulk,4.72,96.61,12.06,1.7,Subobturado
IV,9,Incisal,Mesial,3.28,Con tejido remanente,Estratificación,Con fibra de vidrio,2.75,100.66,5.52,1.53,Equiobturado
IV,9,Incisal,Mesial,1.67,Limpia,Estratificación,Fluida,1.23,67.44,2.62,1.18,Equiobturado
IV,9,Incisal,Mesial,2.2,Limpia,Bulk,Compuesta,3.29,113.35,3.75,1.42,Equiobturado
IV,9,Incisal,Mesial,4.74,Con tejido remanente,Bulk,Fluida,4.44,75.86,12.24,1.12,Sobreobturado
IV,9,Incisal,Mesial,2.55,Con tejido remanente,Estratificación,Con fibra de vidrio,1.78,83.05,9.26,1.45,Subobturado
IV,9,Incisal,Mesial,3.66,Con tejido remanente,Estratificación,Fluida,3.11,56.1,8.35,1.0,Sobreobturado
IV,9,Incisal,Mesial,2.94,Con tejido remanente,Bulk,Bulk,3.14,62.24,10.37,1.24,Sobreobturado
IV,9,Incisal,Mesial,2.44,Con tejido remanente,Bulk,Compuesta,2.96,119.32,16.97,1.38,Subobturado
IV,9,Incisal,Mesial,2.7,Limpia,Bulk,Compuesta,3.73,55.78,4.49,1.54,Equiobturado
IV,9,Incisal,Mesial,4.99,Con tejido remanente,Bulk,Con fibra de vidrio,2.06,119.57,6.86,0.56,Equiobturado
IV,9,Incisal,Mesial,3.2,Con tejido remanente,Bulk,Fluida,2.9,109.25,19.33,1.41,Equiobturado
IV,9,Incisal,Mesial,1.61,Con tejido remanente,Estratificación,Con fibra de vidrio,1.92,55.19,2.04,0.81,Subobturado
IV,9,Incisal,Mesial,2.1,Con tejido remanente,Estratificación,Bulk,2.56,102.09,17.28,0.73,Sobreobturado
IV,9,Incisal,Mesial,1.02,Limpia,Bulk,Fluida,2.27,61.35,5.48,1.76,Equiobturado
IV,9,Incisal,Mesial,1.21,Limpia,Estratificación,Bulk,1.33,76.66,11.45,1.11,Subobturado
IV,9,Incisal,Mesial,4.68,Con tejido remanente,Bulk,Compuesta,2.82,63.64,8.01,0.72,Subobturado
IV,9,Incisal,Distal,3.3,Con tejido remanente,Bulk,Con fibra de vidrio,3.85,87.05,11.55,0.76,Subobturado
IV,9,Incisal,Distal,3.87,Con tejido remanente,Estratificación,Compuesta,4.66,65.69,11.02,1.61,Sobreobturado
IV,9,Incisal,Distal,1.64,Con tejido remanente,Estratificación,Fluida,1.16,104.18,6.0,1.14,Subobturado
IV,9,Incisal,Distal,2.42,Limpia,Estratificación,Con fibra de vidrio,1.47,104.73,6.82,0.56,Sobreobturado
IV,9,Incisal,Distal,2.28,Limpia,Estratificación,Bulk,2.21,108.34,4.5,1.09,Equiobturado
IV,9,Incisal,Distal,3.62,Limpia,Estratificación,Bulk,3.46,70.15,1.59,0.56,Sobreobturado
IV,9,Incisal,Distal,2.53,Con tejido remanente,Estratificación,Fluida,4.12,116.74,18.33,0.64,Subobturado
IV,9,Incisal,Distal,1.24,Con tejido remanente,Bulk,Bulk,3.18,93.19,0.88,1.11,Equiobturado
IV,9,Incisal,Distal,1.44,Limpia,Estratificación,Compuesta,2.13,54.71,5.61,1.59,Sobreobturado
IV,9,Incisal,Distal,1.16,Con tejido remanente,Bulk,Bulk,4.25,81.15,3.69,1.48,Sobreobturado
IV,9,Incisal,Distal,4.07,Limpia,Bulk,Fluida,1.58,70.97,2.88,1.49,Equiobturado
IV,9,Incisal,Distal,4.79,Limpia,Estratificación,Bulk,3.67,83.96,12.23,1.21,Equiobturado
IV,9,Incisal,Distal,3.7,Con tejido remanente,Bulk,Fluida,4.88,110.37,9.23,0.53,Subobturado
IV,9,Incisal,Distal,2.23,Con tejido remanente,Bulk,Con fibra de vidrio,4.54,80.34,6.32,0.97,Sobreobturado
IV,9,Incisal,Distal,4.41,Con tejido remanente,Bulk,Fluida,1.53,88.64,11.18,1.24,Sobreobturado
IV,9,Incisal,Distal,2.78,Con tejido remanente,Bulk,Compuesta,1.53,70.39,11.03,1.11,Subobturado
IV,9,Incisal,Distal,3.13,Limpia,Bulk,Compuesta,1.68,115.63,21.09,1.66,Sobreobturado
IV,9,Incisal,Distal,1.8,Limpia,Estratificación,Fluida,3.7,77.97,5.13,1.76,Equiobturado
IV,9,Incisal,Distal,3.24,Limpia,Estratificación,Compuesta,1.34,64.18,12.26,1.91,Sobreobturado
IV,9,Incisal,Distal,2.22,Con tejido remanente,Bulk,Compuesta,4.72,80.34,10.21,1.9,Sobreobturado
IV,10,Incisal,Mesial,1.37,Con tejido remanente,Bulk,Compuesta,1.53,114.05,9.73,1.71,Subobturado
IV,10,Incisal,Mesial,4.18,Limpia,Bulk,Fluida,3.42,105.17,9.18,0.95,Subobturado
IV,10,Incisal,Mesial,1.51,Con tejido remanente,Bulk,Bulk,4.73,54.41,8.1,1.39,Sobreobturado
IV,10,Incisal,Mesial,3.43,Limpia,Estratificación,Fluida,4.86,114.42,0.75,0.78,Equiobturado
IV,10,Incisal,Mesial,1.57,Con tejido remanente,Estratificación,Fluida,4.16,115.1,18.37,0.84,Sobreobturado
IV,10,Incisal,Mesial,3.95,Limpia,Estratificación,Fluida,1.43,115.67,2.86,1.01,Subobturado
IV,10,Incisal,Mesial,2.31,Limpia,Bulk,Fluida,2.25,66.98,0.22,1.11,Subobturado
IV,10,Incisal,Mesial,3.84,Con tejido remanente,Bulk,Bulk,3.75,101.97,8.64,2.0,Equiobturado
IV,10,Incisal,Mesial,1.22,Limpia,Bulk,Bulk,3.8,107.01,13.26,0.98,Sobreobturado
IV,10,Incisal,Mesial,2.2,Con tejido remanente,Bulk,Compuesta,3.02,52.85,6.28,1.93,Sobreobturado
IV,10,Incisal,Mesial,3.94,Limpia,Bulk,Compuesta,3.61,81.2,2.41,1.04,Subobturado
IV,10,Incisal,Mesial,4.94,Con tejido remanente,Bulk,Compuesta,1.28,103.65,11.42,1.11,Subobturado
IV,10,Incisal,Mesial,2.08,Con tejido remanente,Estratificación,Bulk,2.17,108.52,9.14,0.59,Sobreobturado
IV,10,Incisal,Mesial,4.19,Limpia,Estratificación,Con fibra de vidrio,1.36,115.7,0.92,0.71,Subobturado
IV,10,Incisal,Mesial,4.92,Limpia,Estratificación,Con fibra de vidrio,2.77,61.59,6.88,1.32,Subobturado
IV,10,Incisal,Mesial,1.28,Limpia,Bulk,Bulk,1.69,84.92,1.34,0.87,Sobreobturado
IV,10,Incisal,Mesial,1.02,Con tejido remanente,Estratificación,Compuesta,2.45,64.02,6.9,0.77,Subobturado
IV,10,Incisal,Mesial,1.6,Con tejido remanente,Bulk,Bulk,4.81,96.79,7.94,0.83,Equiobturado
IV,10,Incisal,Mesial,4.68,Con tejido remanente,Bulk,Compuesta,2.72,93.35,11.64,0.86,Equiobturado
IV,10,Incisal,Mesial,3.04,Limpia,Bulk,Bulk,1.09,104.89,17.07,1.75,Equiobturado
IV,10,Incisal,Distal,3.36,Limpia,Bulk,Bulk,3.03,116.95,18.08,0.84,Sobreobturado
IV,10,Incisal,Distal,3.91,Con tejido remanente,Estratificación,Fluida,1.74,59.98,2.45,0.51,Subobturado
IV,10,Incisal,Distal,3.94,Limpia,Estratificación,Bulk,1.02,63.37,5.68,0.58,Subobturado
IV,10,Incisal,Distal,1.34,Con tejido remanente,Estratificación,Fluida,3.79,91.7,10.05,1.42,Subobturado
IV,10,Incisal,Distal,2.1,Con tejido remanente,Estratificación,Fluida,4.64,53.14,4.75,0.85,Subobturado
IV,10,Incisal,Distal,3.97,Con tejido remanente,Bulk,Compuesta,2.58,109.0,20.62,1.72,Subobturado
IV,10,Incisal,Distal,1.02,Con tejido remanente,Bulk,Compuesta,4.93,74.33,8.98,1.86,Subobturado
IV,10,Incisal,Distal,3.09,Limpia,Bulk,Compuesta,4.1,53.52,3.23,1.0,Sobreobturado
IV,10,Incisal,Distal,1.37,Con tejido remanente,Bulk,Fluida,3.24,64.46,1.41,1.88,Subobturado
IV,10,Incisal,Distal,4.9,Limpia,Bulk,Compuesta,1.73,67.66,9.23,0.57,Equiobturado
IV,10,Incisal,Distal,4.55,Con tejido remanente,Bulk,Bulk,1.27,104.79,4.82,1.1,Subobturado
IV,10,Incisal,Distal,4.32,Limpia,Bulk,Compuesta,4.49,111.98,3.75,0.93,Sobreobturado
IV,10,Incisal,Distal,3.23,Con tejido remanente,Bulk,Con fibra de vidrio,4.38,109.75,4.03,1.49,Subobturado
IV,10,Incisal,Distal,3.78,Limpia,Bulk,Compuesta,3.22,111.58,14.64,1.84,Equiobturado
IV,10,Incisal,Distal,2.23,Limpia,Bulk,Con fibra de vidrio,4.46,73.04,0.95,1.04,Subobturado
IV,10,Incisal,Distal,2.38,Con tejido remanente,Estratificación,Con fibra de vidrio,3.64,75.71,9.12,1.12,Sobreobturado
IV,10,Incisal,Distal,1.03,Con tejido remanente,Estratificación,Fluida,3.15,52.19,8.02,0.83,Subobturado
IV,10,Incisal,Distal,3.7,Con tejido remanente,Estratificación,Bulk,2.22,83.31,7.24,1.33,Equiobturado
IV,10,Incisal,Distal,1.83,Limpia,Bulk,Compuesta,4.79,85.5,7.5,1.73,Sobreobturado
IV,10,Incisal,Distal,2.48,Con tejido remanente,Estratificación,Bulk,1.96,79.06,4.44,0.59,Sobreobturado
IV,11,Incisal,Mesial,1.04,Limpia,Estratificación,Fluida,4.75,59.9,11.01,1.62,Equiobturado
IV,11,Incisal,Mesial,3.7,Con tejido remanente,Estratificación,Compuesta,4.71,118.64,4.88,0.51,Equiobturado
IV,11,Incisal,Mesial,4.47,Limpia,Estratificación,Compuesta,3.81,52.82,6.57,1.63,Subobturado
IV,11,Incisal,Mesial,3.61,Limpia,Estratificación,Bulk,3.54,97.3,1.01,1.43,Sobreobturado
IV,11,Incisal,Mesial,3.09,Con tejido remanente,Estratificación,Con fibra de vidrio,3.74,60.94,8.72,1.37,Sobreobturado
IV,11,Incisal,Mesial,2.72,Limpia,Estratificación,Bulk,3.2,112.93,13.24,1.6,Equiobturado
IV,11,Incisal,Mesial,1.97,Limpia,Estratificación,Bulk,1.34,91.51,16.58,0.71,Sobreobturado
IV,11,Incisal,Mesial,3.27,Limpia,Bulk,Con fibra de vidrio,2.01,62.42,3.1,1.37,Sobreobturado
IV,11,Incisal,Mesial,3.28,Con tejido remanente,Bulk,Con fibra de vidrio,2.08,90.5,12.73,0.99,Sobreobturado
IV,11,Incisal,Mesial,3.15,Con tejido remanente,Estratificación,Bulk,3.35,52.58,1.34,1.59,Subobturado
IV,11,Incisal,Mesial,3.82,Con tejido remanente,Bulk,Compuesta,3.2,80.06,5.32,1.91,Sobreobturado
IV,11,Incisal,Mesial,1.03,Limpia,Bulk,Fluida,4.64,51.32,7.28,1.44,Subobturado
IV,11,Incisal,Mesial,1.65,Con tejido remanente,Bulk,Fluida,3.64,117.55,10.3,1.07,Equiobturado
IV,11,Incisal,Mesial,4.9,Limpia,Bulk,Fluida,4.8,98.44,9.85,0.51,Equiobturado
IV,11,Incisal,Mesial,2.34,Con tejido remanente,Estratificación,Fluida,3.25,70.99,7.51,1.48,Subobturado
IV,11,Incisal,Mesial,4.67,Con tejido remanente,Bulk,Bulk,4.25,119.18,4.15,0.65,Sobreobturado
IV,11,Incisal,Mesial,4.43,Con tejido remanente,Bulk,Fluida,4.51,54.84,1.61,1.66,Equiobturado
IV,11,Incisal,Mesial,2.49,Limpia,Bulk,Con fibra de vidrio,4.1,68.67,13.46,1.85,Subobturado
IV,11,Incisal,Mesial,1.33,Con tejido remanente,Bulk,Fluida,4.04,57.08,10.09,0.57,Sobreobturado
IV,11,Incisal,Mesial,3.96,Limpia,Estratificación,Bulk,3.48,65.73,5.16,1.64,Subobturado
IV,11,Incisal,Distal,2.3,Limpia,Estratificación,Bulk,4.88,87.32,4.88,0.9,Equiobturado
IV,11,Incisal,Distal,1.37,Con tejido remanente,Bulk,Bulk,1.45,57.48,5.46,0.67,Sobreobturado
IV,11,Incisal,Distal,2.29,Con tejido remanente,Estratificación,Bulk,3.25,53.65,3.85,1.39,Equiobturado
IV,11,Incisal,Distal,3.72,Con tejido remanente,Estratificación,Fluida,3.19,82.63,2.62,1.46,Equiobturado
IV,11,Incisal,Distal,2.12,Con tejido remanente,Estratificación,Fluida,3.93,104.78,19.51,0.78,Equiobturado
IV,11,Incisal,Distal,2.29,Con tejido remanente,Bulk,Con fibra de vidrio,3.38,73.91,0.48,1.01,Subobturado
IV,11,Incisal,Distal,1.24,Limpia,Bulk,Compuesta,3.16,104.91,17.16,0.55,Sobreobturado
IV,11,Incisal,Distal,4.15,Con tejido remanente,Bulk,Con fibra de vidrio,3.28,111.95,16.61,1.66,Equiobturado
IV,11,Incisal,Distal,2.62,Limpia,Estratificación,Fluida,4.72,64.45,7.01,1.44,Equiobturado
IV,11,Incisal,Distal,4.39,Con tejido remanente,Bulk,Bulk,1.14,51.31,7.83,1.96,Equiobturado
IV,11,Incisal,Distal,2.6,Con tejido remanente,Bulk,Fluida,3.27,52.18,6.66,0.87,Sobreobturado
IV,11,Incisal,Distal,1.63,Con tejido remanente,Bulk,Bulk,2.52,103.52,4.45,1.53,Sobreobturado
IV,11,Incisal,Distal,3.25,Con tejido remanente,Estratificación,Bulk,3.54,77.68,2.39,1.63,Equiobturado
IV,11,Incisal,Distal,3.24,Con tejido remanente,Estratificación,Con fibra de vidrio,3.72,81.87,5.94,1.8,Subobturado
IV,11,Incisal,Distal,1.3,Limpia,Estratificación,Compuesta,1.81,109.51,0.71,1.49,Subobturado
IV,11,Incisal,Distal,4.07,Limpia,Estratificación,Fluida,3.31,65.1,6.48,1.54,Equiobturado
IV,11,Incisal,Distal,1.76,Con tejido remanente,Estratificación,Bulk,1.86,100.01,15.83,0.58,Subobturado
IV,11,Incisal,Distal,3.37,Con tejido remanente,Bulk,Con fibra de vidrio,4.58,50.46,2.03,0.92,Equiobturado
IV,11,Incisal,Distal,4.21,Con tejido remanente,Bulk,Con fibra de vidrio,1.33,71.49,1.9,1.64,Sobreobturado
IV,11,Incisal,Distal,1.06,Con tejido remanente,Estratificación,Fluida,4.75,111.47,4.18,1.11,Sobreobturado
IV,22,Incisal,Mesial,3.98,Con tejido remanente,Estratificación,Fluida,1.12,79.38,2.24,1.88,Subobturado
IV,22,Incisal,Mesial,1.36,Con tejido remanente,Bulk,Con fibra de vidrio,4.64,91.69,11.13,1.78,Subobturado
IV,22,Incisal,Mesial,3.61,Limpia,Bulk,Con fibra de vidrio,2.12,88.47,7.74,0.87,Subobturado
IV,22,Incisal,Mesial,3.69,Limpia,Bulk,Con fibra de vidrio,2.75,52.21,5.02,0.97,Subobturado
IV,22,Incisal,Mesial,1.9,Limpia,Bulk,Bulk,1.66,99.92,3.43,1.93,Sobreobturado
IV,22,Incisal,Mesial,2.14,Con tejido remanente,Bulk,Con fibra de vidrio,1.31,102.45,5.45,0.58,Sobreobturado
IV,22,Incisal,Mesial,3.1,Limpia,Estratificación,Con fibra de vidrio,1.4,106.61,5.06,1.04,Equiobturado
IV,22,Incisal,Mesial,3.98,Con tejido remanente,Bulk,Bulk,3.59,91.01,15.13,1.85,Equiobturado
IV,22,Incisal,Mesial,4.53,Con tejido remanente,Estratificación,Compuesta,4.15,89.76,4.56,1.83,Sobreobturado
IV,22,Incisal,Mesial,3.84,Con tejido remanente,Bulk,Bulk,2.22,50.08,2.66,1.28,Equiobturado
IV,22,Incisal,Mesial,4.99,Con tejido remanente,Estratificación,Bulk,2.26,55.99,11.08,1.81,Equiobturado
IV,22,Incisal,Mesial,4.4,Con tejido remanente,Estratificación,Con fibra de vidrio,3.78,67.61,3.09,0.94,Equiobturado
IV,22,Incisal,Mesial,1.78,Con tejido remanente,Bulk,Bulk,2.4,60.42,2.44,0.94,Sobreobturado
IV,22,Incisal,Mesial,1.21,Con tejido remanente,Bulk,Con fibra de vidrio,4.43,95.4,11.88,1.96,Equiobturado
IV,22,Incisal,Mesial,2.67,Con tejido remanente,Bulk,Fluida,3.13,108.46,20.56,1.42,Sobreobturado
IV,22,Incisal,Mesial,3.89,Limpia,Bulk,Compuesta,4.85,84.89,0.65,0.65,Sobreobturado
IV,22,Incisal,Mesial,4.2,Limpia,Bulk,Compuesta,1.05,118.12,14.33,0.89,Subobturado
IV,22,Incisal,Mesial,2.07,Limpia,Estratificación,Fluida,1.97,79.36,7.51,0.57,Sobreobturado
IV,22,Incisal,Mesial,1.59,Limpia,Bulk,Con fibra de vidrio,4.37,70.35,3.85,1.36,Equiobturado
IV,22,Incisal,Mesial,3.3,Con tejido remanente,Estratificación,Con fibra de vidrio,3.04,94.24,8.47,1.25,Equiobturado
IV,22,Incisal,Distal,2.34,Limpia,Bulk,Compuesta,4.68,81.44,15.31,1.57,Subobturado
IV,22,Incisal,Distal,4.55,Limpia,Estratificación,Con fibra de vidrio,3.5,58.78,6.42,0.57,Subobturado
IV,22,Incisal,Distal,1.46,Con tejido remanente,Bulk,Con fibra de vidrio,3.77,68.44,1.32,0.79,Equiobturado
IV,22,Incisal,Distal,4.86,Con tejido remanente,Bulk,Fluida,2.79,74.89,8.42,1.82,Equiobturado
IV,22,Incisal,Distal,3.83,Con tejido remanente,Estratificación,Bulk,1.57,51.3,6.86,1.46,Subobturado
IV,22,Incisal,Distal,1.93,Con tejido remanente,Estratificación,Fluida,3.32,76.27,14.91,1.71,Subobturado
IV,22,Incisal,Distal,3.3,Con tejido remanente,Bulk,Fluida,3.54,60.05,10.69,0.65,Subobturado
IV,22,Incisal,Distal,3.5,Con tejido remanente,Estratificación,Con fibra de vidrio,2.5,56.32,3.03,1.57,Sobreobturado
IV,22,Incisal,Distal,2.33,Con tejido remanente,Bulk,Con fibra de vidrio,2.86,117.37,13.14,0.78,Equiobturado
IV,22,Incisal,Distal,2.72,Limpia,Estratificación,Bulk,1.03,63.17,2.75,1.5,Subobturado
IV,22,Incisal,Distal,1.77,Con tejido remanente,Bulk,Compuesta,3.73,109.6,18.38,1.25,Equiobturado
IV,22,Incisal,Distal,1.13,Con tejido remanente,Estratificación,Compuesta,3.2,119.46,18.94,0.67,Subobturado
IV,22,Incisal,Distal,4.07,Limpia,Bulk,Bulk,2.77,76.04,13.11,0.82,Equiobturado
IV,22,Incisal,Distal,4.98,Limpia,Estratificación,Con fibra de vidrio,3.83,67.59,0.09,1.03,Sobreobturado
IV,22,Incisal,Distal,4.35,Limpia,Estratificación,Bulk,4.21,60.73,0.13,1.83,Sobreobturado
IV,22,Incisal,Distal,2.29,Con tejido remanente,Bulk,Compuesta,2.43,110.83,12.59,0.82,Subobturado
IV,22,Incisal,Distal,4.88,Limpia,Bulk,Compuesta,4.63,77.18,4.88,1.52,Subobturado
IV,22,Incisal,Distal,4.56,Con tejido remanente,Estratificación,Compuesta,2.0,53.72,4.71,1.04,Subobturado
IV,22,Incisal,Distal,1.18,Con tejido remanente,Bulk,Fluida,4.06,50.99,9.6,0.54,Subobturado
IV,22,Incisal,Distal,4.3,Con tejido remanente,Estratificación,Fluida,4.54,75.93,12.55,0.94,Sobreobturado
IV,23,Incisal,Mesial,3.57,Con tejido remanente,Bulk,Fluida,2.13,72.27,12.99,0.73,Subobturado
IV,23,Incisal,Mesial,3.04,Limpia,Bulk,Bulk,1.5,65.46,9.22,0.98,Equiobturado
IV,23,Incisal,Mesial,1.79,Limpia,Estratificación,Fluida,1.94,69.88,4.51,0.54,Subobturado
IV,23,Incisal,Mesial,3.61,Con tejido remanente,Bulk,Fluida,3.28,117.07,19.09,1.12,Equiobturado
IV,23,Incisal,Mesial,1.42,Limpia,Bulk,Compuesta,1.56,77.13,15.17,1.4,Equiobturado
IV,23,Incisal,Mesial,4.39,Con tejido remanente,Estratificación,Compuesta,1.15,99.23,9.82,1.86,Equiobturado
IV,23,Incisal,Mesial,4.55,Limpia,Estratificación,Bulk,2.38,118.56,7.71,1.04,Sobreobturado
IV,23,Incisal,Mesial,2.02,Limpia,Bulk,Con fibra de vidrio,2.77,68.05,12.42,1.78,Sobreobturado
IV,23,Incisal,Mesial,3.38,Limpia,Estratificación,Fluida,4.75,108.53,3.65,1.28,Equiobturado
IV,23,Incisal,Mesial,1.25,Limpia,Bulk,Bulk,1.26,70.69,2.08,0.91,Sobreobturado
IV,23,Incisal,Mesial,1.61,Limpia,Bulk,Compuesta,3.41,63.03,0.57,0.62,Sobreobturado
IV,23,Incisal,Mesial,4.61,Con tejido remanente,Estratificación,Bulk,2.65,100.84,11.76,0.97,Sobreobturado
IV,23,Incisal,Mesial,1.27,Con tejido remanente,Estratificación,Con fibra de vidrio,1.19,105.18,9.5,1.08,Equiobturado
IV,23,Incisal,Mesial,3.07,Con tejido remanente,Bulk,Con fibra de vidrio,4.74,53.97,4.53,0.82,Subobturado
IV,23,Incisal,Mesial,3.01,Limpia,Estratificación,Compuesta,3.39,89.3,12.22,1.97,Sobreobturado
IV,23,Incisal,Mesial,2.8,Limpia,Bulk,Fluida,4.17,91.32,16.91,0.94,Subobturado
IV,23,Incisal,Mesial,2.28,Con tejido remanente,Estratificación,Compuesta,2.28,56.41,7.92,1.11,Sobreobturado
IV,23,Incisal,Mesial,3.86,Limpia,Estratificación,Compuesta,4.12,96.82,8.0,1.42,Subobturado
IV,23,Incisal,Mesial,2.44,Limpia,Bulk,Con fibra de vidrio,4.1,77.97,8.75,1.45,Sobreobturado
IV,23,Incisal,Mesial,1.4,Con tejido remanente,Estratificación,Con fibra de vidrio,3.05,56.3,9.78,1.46,Sobreobturado
IV,23,Incisal,Distal,3.94,Con tejido remanente,Bulk,Fluida,1.44,71.39,5.84,1.45,Subobturado
IV,23,Incisal,Distal,2.02,Limpia,Bulk,Con fibra de vidrio,2.82,92.69,10.13,0.91,Equiobturado
IV,23,Incisal,Distal,2.78,Con tejido remanente,Estratificación,Bulk,2.84,111.57,1.16,0.82,Sobreobturado
IV,23,Incisal,Distal,3.8,Limpia,Estratificación,Con fibra de vidrio,1.61,69.37,11.74,1.91,Equiobturado
IV,23,Incisal,Distal,4.76,Limpia,Bulk,Con fibra de vidrio,4.19,61.77,4.36,0.57,Subobturado
IV,23,Incisal,Distal,3.44,Con tejido remanente,Bulk,Con fibra de vidrio,2.18,79.45,3.11,1.17,Sobreobturado
IV,23,Incisal,Distal,4.51,Con tejido remanente,Bulk,Fluida,1.26,98.85,7.52,1.47,Sobreobturado
IV,23,Incisal,Distal,1.19,Con tejido remanente,Bulk,Con fibra de vidrio,4.05,70.43,5.23,1.54,Equiobturado
IV,23,Incisal,Distal,4.2,Limpia,Bulk,Fluida,1.88,112.13,2.98,1.93,Equiobturado
IV,23,Incisal,Distal,3.99,Con tejido remanente,Estratificación,Compuesta,3.45,102.35,18.52,0.65,Equiobturado
IV,23,Incisal,Distal,2.77,Limpia,Estratificación,Fluida,2.55,69.62,9.52,1.56,Subobturado
IV,23,Incisal,Distal,2.86,Limpia,Bulk,Compuesta,4.38,95.08,12.22,0.77,Subobturado
IV,23,Incisal,Distal,3.28,Con tejido remanente,Bulk,Con fibra de vidrio,4.16,86.68,2.71,1.7,Equiobturado
IV,23,Incisal,Distal,3.71,Con tejido remanente,Estratificación,Con fibra de vidrio,4.27,84.83,10.6,0.63,Sobreobturado
IV,23,Incisal,Distal,3.16,Con tejido remanente,Estratificación,Fluida,2.74,51.02,7.11,1.94,Subobturado
IV,23,Incisal,Distal,1.47,Con tejido remanente,Estratificación,Compuesta,1.92,72.3,0.65,1.42,Sobreobturado
IV,23,Incisal,Distal,2.25,Con tejido remanente,Bulk,Compuesta,4.85,90.61,18.06,1.57,Sobreobturado
IV,23,Incisal,Distal,2.55,Limpia,Estratificación,Con fibra de vidrio,2.38,71.95,2.24,0.62,Sobreobturado
IV,23,Incisal,Distal,1.9,Limpia,Bulk,Bulk,4.26,105.97,15.6,1.0,Sobreobturado
IV,23,Incisal,Distal,1.31,Limpia,Bulk,Compuesta,1.79,100.06,2.22,0.79,Equiobturado
IV,24,Incisal,Mesial,1.43,Limpia,Estratificación,Fluida,4.46,90.71,3.2,1.0,Sobreobturado
IV,24,Incisal,Mesial,2.47,Limpia,Bulk,Fluida,1.68,111.15,22.03,1.74,Equiobturado
IV,24,Incisal,Mesial,4.72,Con tejido remanente,Bulk,Bulk,3.04,83.87,9.1,1.96,Equiobturado
IV,24,Incisal,Mesial,2.89,Con tejido remanente,Estratificación,Fluida,1.92,98.52,4.33,1.73,Subobturado
IV,24,Incisal,Mesial,4.03,Limpia,Bulk,Fluida,2.11,82.89,5.68,1.89,Equiobturado
IV,24,Incisal,Mesial,2.78,Limpia,Bulk,Compuesta,2.32,71.69,12.59,0.63,Equiobturado
IV,24,Incisal,Mesial,4.15,Limpia,Bulk,Con fibra de vidrio,1.11,61.94,8.52,1.36,Subobturado
IV,24,Incisal,Mesial,3.65,Limpia,Estratificación,Fluida,1.19,57.18,7.82,1.8,Subobturado
IV,24,Incisal,Mesial,3.0,Con tejido remanente,Estratificación,Bulk,1.69,76.12,14.05,1.44,Subobturado
IV,24,Incisal,Mesial,3.29,Limpia,Bulk,Compuesta,1.46,107.61,4.89,1.51,Equiobturado
IV,24,Incisal,Mesial,1.73,Limpia,Estratificación,Fluida,2.87,93.43,7.32,1.38,Sobreobturado
IV,24,Incisal,Mesial,2.88,Limpia,Bulk,Compuesta,2.09,67.4,9.77,1.63,Subobturado
IV,24,Incisal,Mesial,3.0,Con tejido remanente,Bulk,Fluida,1.1,94.11,3.05,0.95,Equiobturado
IV,24,Incisal,Mesial,3.64,Con tejido remanente,Bulk,Bulk,1.32,89.97,6.5,1.36,Sobreobturado
IV,24,Incisal,Mesial,3.83,Con tejido remanente,Bulk,Fluida,3.46,74.65,9.66,0.96,Equiobturado
IV,24,Incisal,Mesial,2.52,Limpia,Estratificación,Compuesta,1.03,117.02,12.72,0.73,Equiobturado
IV,24,Incisal,Mesial,4.27,Limpia,Bulk,Fluida,2.1,58.68,8.8,0.91,Subobturado
IV,24,Incisal,Mesial,3.72,Limpia,Estratificación,Compuesta,1.38,83.07,12.37,1.32,Equiobturado
IV,24,Incisal,Mesial,4.67,Con tejido remanente,Bulk,Con fibra de vidrio,4.92,81.55,11.92,1.29,Subobturado
IV,24,Incisal,Mesial,4.96,Limpia,Estratificación,Compuesta,3.16,98.96,15.15,1.2,Sobreobturado
IV,24,Incisal,Distal,2.75,Limpia,Estratificación,Compuesta,2.28,113.52,20.92,0.64,Equiobturado
IV,24,Incisal,Distal,1.73,Con tejido remanente,Estratificación,Fluida,4.21,65.61,12.06,1.11,Equiobturado
IV,24,Incisal,Distal,1.39,Limpia,Estratificación,Con fibra de vidrio,3.11,88.79,16.7,1.04,Sobreobturado
IV,24,Incisal,Distal,4.29,Limpia,Estratificación,Fluida,1.12,96.26,9.96,0.64,Subobturado
IV,24,Incisal,Distal,2.98,Con tejido remanente,Bulk,Fluida,3.09,117.16,23.12,1.2,Subobturado
IV,24,Incisal,Distal,3.3,Limpia,Estratificación,Con fibra de vidrio,4.59,85.18,10.78,1.31,Sobreobturado
IV,24,Incisal,Distal,3.03,Con tejido remanente,Bulk,Fluida,4.93,74.07,12.03,1.34,Sobreobturado
IV,24,Incisal,Distal,2.74,Limpia,Bulk,Fluida,4.59,96.61,8.79,1.55,Subobturado
IV,24,Incisal,Distal,3.45,Con tejido remanente,Estratificación,Fluida,1.42,70.34,0.03,1.89,Equiobturado
IV,24,Incisal,Distal,4.75,Con tejido remanente,Estratificación,Con fibra de vidrio,3.2,96.16,18.35,1.81,Sobreobturado
IV,24,Incisal,Distal,1.48,Limpia,Bulk,Fluida,1.89,64.34,10.83,1.45,Sobreobturado
IV,24,Incisal,Distal,2.63,Con tejido remanente,Estratificación,Fluida,1.86,107.34,2.84,1.4,Equiobturado
IV,24,Incisal,Distal,2.36,Con tejido remanente,Estratificación,Bulk,4.92,83.05,5.12,0.74,Subobturado
IV,24,Incisal,Distal,2.53,Con tejido remanente,Estratificación,Con fibra de vidrio,4.31,69.63,1.74,1.25,Subobturado
IV,24,Incisal,Distal,2.73,Con tejido remanente,Estratificación,Con fibra de vidrio,4.32,71.76,4.42,0.79,Sobreobturado
IV,24,Incisal,Distal,1.99,Con tejido remanente,Bulk,Fluida,4.95,70.82,3.05,1.09,Sobreobturado
IV,24,Incisal,Distal,3.07,Limpia,Bulk,Bulk,2.09,61.11,6.48,1.28,Sobreobturado
IV,24,Incisal,Distal,1.09,Limpia,Estratificación,Bulk,2.3,73.65,0.13,1.07,Sobreobturado
IV,24,Incisal,Distal,4.89,Limpia,Estratificación,Con fibra de vidrio,1.72,101.41,7.45,1.31,Equiobturado
IV,24,Incisal,Distal,2.48,Limpia,Bulk,Fluida,3.31,85.87,7.13,0.98,Equiobturado
IV,25,Incisal,Mesial,4.76,Con tejido remanente,Bulk,Bulk,2.23,89.76,6.39,0.72,Equiobturado
IV,25,Incisal,Mesial,1.26,Limpia,Estratificación,Fluida,3.04,87.62,16.96,0.79,Subobturado
IV,25,Incisal,Mesial,1.89,Limpia,Estratificación,Compuesta,4.88,95.88,4.14,0.79,Sobreobturado
IV,25,Incisal,Mesial,1.57,Limpia,Estratificación,Compuesta,2.17,69.06,4.83,0.51,Equiobturado
IV,25,Incisal,Mesial,1.34,Con tejido remanente,Bulk,Compuesta,2.77,88.91,13.04,1.83,Equiobturado
IV,25,Incisal,Mesial,1.48,Con tejido remanente,Bulk,Fluida,1.89,93.73,2.5,0.5,Subobturado
IV,25,Incisal,Mesial,1.82,Limpia,Estratificación,Fluida,3.68,95.56,0.22,1.22,Equiobturado
IV,25,Incisal,Mesial,2.85,Con tejido remanente,Estratificación,Fluida,1.47,85.05,10.78,0.89,Equiobturado
IV,25,Incisal,Mesial,4.05,Limpia,Estratificación,Fluida,3.69,61.63,3.65,1.27,Equiobturado
IV,25,Incisal,Mesial,4.72,Con tejido remanente,Estratificación,Con fibra de vidrio,2.46,110.73,6.0,1.35,Subobturado
IV,25,Incisal,Mesial,3.49,Con tejido remanente,Estratificación,Fluida,3.33,103.7,16.13,1.45,Sobreobturado
IV,25,Incisal,Mesial,1.51,Limpia,Estratificación,Con fibra de vidrio,1.85,119.47,18.14,0.76,Equiobturado
IV,25,Incisal,Mesial,4.71,Limpia,Bulk,Con fibra de vidrio,2.51,108.47,2.0,1.48,Subobturado
IV,25,Incisal,Mesial,3.5,Con tejido remanente,Estratificación,Compuesta,3.76,104.64,12.17,0.93,Subobturado
IV,25,Incisal,Mesial,1.52,Con tejido remanente,Bulk,Con fibra de vidrio,3.06,55.6,1.72,0.75,Equiobturado
IV,25,Incisal,Mesial,2.37,Con tejido remanente,Estratificación,Compuesta,4.86,65.17,11.7,1.54,Equiobturado
IV,25,Incisal,Mesial,2.85,Limpia,Bulk,Fluida,3.92,94.4,9.42,1.77,Equiobturado
IV,25,Incisal,Mesial,2.33,Limpia,Bulk,Con fibra de vidrio,4.1,76.83,0.84,0.67,Equiobturado
IV,25,Incisal,Mesial,1.84,Con tejido remanente,Estratificación,Bulk,3.04,54.59,3.65,0.94,Subobturado
IV,25,Incisal,Mesial,3.68,Con tejido remanente,Bulk,Bulk,1.08,94.79,10.1,1.14,Equiobturado
IV,25,Incisal,Distal,4.19,Con tejido remanente,Bulk,Fluida,1.49,97.21,8.85,1.06,Subobturado
IV,25,Incisal,Distal,2.07,Con tejido remanente,Estratificación,Compuesta,1.75,114.33,13.77,0.8,Sobreobturado
IV,25,Incisal,Distal,1.43,Con tejido remanente,Estratificación,Fluida,2.27,108.42,17.94,1.52,Sobreobturado
IV,25,Incisal,Distal,4.6,Con tejido remanente,Bulk,Bulk,1.17,109.13,15.61,0.58,Subobturado
IV,25,Incisal,Distal,2.86,Limpia,Bulk,Bulk,1.18,62.81,0.51,0.79,Equiobturado
IV,25,Incisal,Distal,2.8,Con tejido remanente,Estratificación,Compuesta,4.03,63.47,7.97,0.67,Equiobturado
IV,25,Incisal,Distal,1.23,Limpia,Bulk,Con fibra de vidrio,4.4,85.89,7.67,0.57,Sobreobturado
IV,25,Incisal,Distal,4.13,Con tejido remanente,Estratificación,Fluida,4.81,105.7,18.35,0.72,Subobturado
IV,25,Incisal,Distal,1.95,Con tejido remanente,Estratificación,Con fibra de vidrio,1.35,92.01,16.59,0.66,Subobturado
IV,25,Incisal,Distal,1.65,Limpia,Bulk,Bulk,1.67,62.38,11.03,1.1,Subobturado
IV,25,Incisal,Distal,4.32,Con tejido remanente,Estratificación,Fluida,2.25,114.98,15.14,0.74,Subobturado
IV,25,Incisal,Distal,4.3,Limpia,Bulk,Fluida,2.54,73.16,6.58,1.97,Equiobturado
IV,25,Incisal,Distal,3.04,Limpia,Estratificación,Bulk,3.26,95.31,13.16,0.78,Subobturado
IV,25,Incisal,Distal,1.06,Con tejido remanente,Bulk,Compuesta,1.77,95.19,4.92,1.34,Equiobturado
IV,25,Incisal,Distal,4.53,Limpia,Estratificación,Con fibra de vidrio,1.1,103.89,12.81,0.67,Sobreobturado
IV,25,Incisal,Distal,3.19,Con tejido remanente,Estratificación,Bulk,3.71,108.74,17.81,1.81,Equiobturado
IV,25,Incisal,Distal,2.98,Con tejido remanente,Estratificación,Fluida,4.38,75.59,3.95,1.25,Subobturado
IV,25,Incisal,Distal,3.39,Con tejido remanente,Estratificación,Compuesta,3.73,66.86,4.47,1.86,Equiobturado
IV,25,Incisal,Distal,1.46,Con tejido remanente,Estratificación,Con fibra de vidrio,1.66,101.16,0.81,1.65,Sobreobturado
IV,25,Incisal,Distal,4.7,Limpia,Bulk,Fluida,2.57,56.08,2.79,0.98,Sobreobturado
IV,26,Incisal,Mesial,3.86,Con tejido remanente,Bulk,Bulk,3.23,61.83,6.22,0.71,Sobreobturado
IV,26,Incisal,Mesial,4.65,Con tejido remanente,Estratificación,Fluida,4.52,65.0,0.13,0.6,Equiobturado
IV,26,Incisal,Mesial,4.3,Con tejido remanente,Estratificación,Compuesta,4.5,100.76,16.79,1.48,Subobturado
IV,26,Incisal,Mesial,1.03,Limpia,Bulk,Fluida,5.0,53.84,4.29,1.16,Sobreobturado
IV,26,Incisal,Mesial,4.37,Con tejido remanente,Bulk,Compuesta,2.28,117.82,10.98,1.84,Equiobturado
IV,26,Incisal,Mesial,2.59,Con tejido remanente,Estratificación,Compuesta,1.79,111.63,1.26,0.92,Subobturado
IV,26,Incisal,Mesial,1.5,Limpia,Bulk,Compuesta,2.2,80.43,6.0,1.1,Equiobturado
IV,26,Incisal,Mesial,4.23,Con tejido remanente,Estratificación,Con fibra de vidrio,3.62,76.27,14.05,1.95,Subobturado
IV,26,Incisal,Mesial,1.53,Con tejido remanente,Estratificación,Bulk,2.46,90.9,5.83,0.85,Sobreobturado
IV,26,Incisal,Mesial,3.26,Con tejido remanente,Bulk,Bulk,4.43,102.2,7.72,1.55,Sobreobturado
IV,26,Incisal,Mesial,1.4,Limpia,Estratificación,Fluida,1.46,54.93,7.96,0.61,Equiobturado
IV,26,Incisal,Mesial,2.73,Limpia,Estratificación,Compuesta,4.55,116.18,17.02,0.58,Subobturado
IV,26,Incisal,Mesial,2.07,Con tejido remanente,Estratificación,Con fibra de vidrio,2.58,73.43,8.45,1.7,Subobturado
IV,26,Incisal,Mesial,1.21,Limpia,Estratificación,Compuesta,1.8,82.0,14.52,1.95,Subobturado
IV,26,Incisal,Mesial,2.59,Con tejido remanente,Bulk,Fluida,3.19,52.73,3.25,0.9,Equiobturado
IV,26,Incisal,Mesial,4.24,Con tejido remanente,Estratificación,Compuesta,3.48,106.5,10.69,1.28,Equiobturado
IV,26,Incisal,Mesial,2.65,Limpia,Estratificación,Con fibra de vidrio,3.34,63.86,5.31,1.86,Equiobturado
IV,26,Incisal,Mesial,2.51,Limpia,Estratificación,Fluida,3.27,60.03,6.9,0.55,Sobreobturado
IV,26,Incisal,Mesial,1.03,Limpia,Estratificación,Fluida,4.78,58.46,11.08,1.5,Subobturado
IV,26,Incisal,Mesial,3.44,Con tejido remanente,Estratificación,Con fibra de vidrio,1.02,107.8,7.21,1.04,Equiobturado
IV,26,Incisal,Distal,2.01,Con tejido remanente,Estratificación,Compuesta,4.94,107.61,20.24,0.52,Equiobturado
IV,26,Incisal,Distal,1.11,Limpia,Bulk,Fluida,1.65,102.46,6.47,1.35,Sobreobturado
IV,26,Incisal,Distal,2.19,Con tejido remanente,Bulk,Fluida,1.69,77.92,11.28,1.55,Equiobturado
IV,26,Incisal,Distal,4.48,Con tejido remanente,Bulk,Bulk,1.53,119.58,17.13,1.46,Subobturado
IV,26,Incisal,Distal,1.7,Limpia,Estratificación,Fluida,1.48,91.72,7.26,1.23,Equiobturado
IV,26,Incisal,Distal,2.2,Con tejido remanente,Bulk,Compuesta,3.43,116.98,7.1,1.57,Sobreobturado
IV,26,Incisal,Distal,4.37,Con tejido remanente,Estratificación,Con fibra de vidrio,2.26,72.82,10.36,1.85,Equiobturado
IV,26,Incisal,Distal,1.5,Limpia,Estratificación,Compuesta,1.2,55.14,9.56,1.88,Subobturado
IV,26,Incisal,Distal,4.43,Limpia,Estratificación,Fluida,1.76,94.7,10.63,0.55,Sobreobturado
IV,26,Incisal,Distal,2.09,Limpia,Bulk,Fluida,1.14,77.99,13.61,1.14,Equiobturado
IV,26,Incisal,Distal,2.04,Limpia,Bulk,Fluida,1.94,73.79,11.74,1.5,Sobreobturado
IV,26,Incisal,Distal,2.51,Limpia,Bulk,Fluida,3.88,106.22,8.99,1.29,Equiobturado
IV,26,Incisal,Distal,3.48,Limpia,Bulk,Fluida,1.21,89.32,14.89,0.5,Sobreobturado
IV,26,Incisal,Distal,1.07,Limpia,Bulk,Fluida,3.23,110.15,8.83,0.66,Subobturado
IV,26,Incisal,Distal,4.42,Limpia,Estratificación,Bulk,2.53,111.37,11.25,0.67,Subobturado
IV,26,Incisal,Distal,4.03,Limpia,Bulk,Compuesta,4.74,61.79,5.9,1.58,Equiobturado
IV,26,Incisal,Distal,2.55,Con tejido remanente,Estratificación,Bulk,3.9,109.71,12.42,1.8,Subobturado
IV,26,Incisal,Distal,1.01,Con tejido remanente,Estratificación,Compuesta,4.95,115.95,0.91,1.48,Subobturado
IV,26,Incisal,Distal,2.27,Con tejido remanente,Estratificación,Fluida,1.0,76.59,13.99,1.91,Subobturado
IV,26,Incisal,Distal,4.81,Limpia,Bulk,Con fibra de vidrio,1.51,72.73,13.52,1.34,Subobturado
IV,27,Incisal,Mesial,4.81,Limpia,Bulk,Con fibra de vidrio,1.93,76.33,7.5,1.1,Subobturado
IV,27,Incisal,Mesial,3.96,Con tejido remanente,Estratificación,Bulk,2.78,92.45,15.71,1.11,Subobturado
IV,27,Incisal,Mesial,4.75,Con tejido remanente,Bulk,Con fibra de vidrio,4.73,104.33,14.78,1.93,Subobturado
IV,27,Incisal,Mesial,1.62,Limpia,Estratificación,Bulk,1.57,68.44,5.08,1.8,Subobturado
IV,27,Incisal,Mesial,3.68,Limpia,Estratificación,Bulk,4.7,119.58,8.83,1.55,Subobturado
IV,27,Incisal,Mesial,3.44,Limpia,Estratificación,Con fibra de vidrio,1.71,65.62,9.76,1.74,Equiobturado
IV,27,Incisal,Mesial,1.42,Con tejido remanente,Estratificación,Bulk,4.82,73.46,10.54,0.58,Sobreobturado
IV,27,Incisal,Mesial,3.45,Con tejido remanente,Bulk,Con fibra de vidrio,2.22,77.57,3.91,1.81,Equiobturado
IV,27,Incisal,Mesial,2.62,Con tejido remanente,Bulk,Con fibra de vidrio,1.15,59.67,10.91,0.87,Equiobturado
IV,27,Incisal,Mesial,1.11,Limpia,Estratificación,Con fibra de vidrio,4.51,98.99,1.04,1.27,Equiobturado
IV,27,Incisal,Mesial,3.95,Limpia,Bulk,Fluida,2.68,91.36,16.47,0.96,Equiobturado
IV,27,Incisal,Mesial,3.59,Con tejido remanente,Bulk,Bulk,2.27,118.12,21.21,0.83,Sobreobturado
IV,27,Incisal,Mesial,4.04,Con tejido remanente,Bulk,Compuesta,4.41,68.42,6.05,0.94,Sobreobturado
IV,27,Incisal,Mesial,3.1,Con tejido remanente,Bulk,Con fibra de vidrio,4.1,84.83,7.15,1.91,Sobreobturado
IV,27,Incisal,Mesial,4.52,Limpia,Bulk,Con fibra de vidrio,1.16,95.56,17.81,1.92,Subobturado
IV,27,Incisal,Mesial,1.13,Con tejido remanente,Estratificación,Fluida,2.2,76.41,11.19,1.39,Sobreobturado
IV,27,Incisal,Mesial,2.36,Con tejido remanente,Bulk,Compuesta,3.26,92.91,16.94,1.84,Subobturado
IV,27,Incisal,Mesial,1.26,Con tejido remanente,Estratificación,Bulk,2.47,63.05,5.7,1.51,Equiobturado
IV,27,Incisal,Mesial,4.67,Con tejido remanente,Estratificación,Fluida,1.22,89.52,3.64,0.53,Equiobturado
IV,27,Incisal,Mesial,2.48,Con tejido remanente,Bulk,Con fibra de vidrio,3.83,66.16,9.1,1.74,Equiobturado
IV,27,Incisal,Distal,3.71,Limpia,Bulk,Con fibra de vidrio,3.64,116.83,9.13,1.88,Equiobturado
IV,27,Incisal,Distal,3.17,Limpia,Estratificación,Con fibra de vidrio,4.45,99.87,17.44,1.08,Equiobturado
IV,27,Incisal,Distal,4.95,Limpia,Bulk,Compuesta,1.27,74.16,2.33,0.8,Equiobturado
IV,27,Incisal,Distal,1.2,Limpia,Bulk,Compuesta,4.52,96.82,0.46,1.89,Subobturado
IV,27,Incisal,Distal,2.84,Limpia,Estratificación,Con fibra de vidrio,2.21,105.64,7.11,1.9,Sobreobturado
IV,27,Incisal,Distal,3.96,Limpia,Bulk,Con fibra de vidrio,3.44,54.63,9.18,1.73,Subobturado
IV,27,Incisal,Distal,4.71,Con tejido remanente,Estratificación,Compuesta,1.07,97.28,3.64,1.17,Equiobturado
IV,27,Incisal,Distal,1.32,Con tejido remanente,Bulk,Con fibra de vidrio,1.76,117.58,21.7,1.01,Equiobturado
IV,27,Incisal,Distal,4.48,Con tejido remanente,Estratificación,Bulk,1.74,99.24,12.73,1.88,Equiobturado
IV,27,Incisal,Distal,1.63,Con tejido remanente,Bulk,Compuesta,4.08,58.01,10.08,0.87,Subobturado
IV,27,Incisal,Distal,4.42,Con tejido remanente,Estratificación,Compuesta,4.31,105.31,2.98,1.82,Equiobturado
IV,27,Incisal,Distal,1.23,Limpia,Estratificación,Bulk,4.38,81.35,14.37,1.14,Equiobturado
IV,27,Incisal,Distal,1.79,Limpia,Bulk,Bulk,3.93,75.16,1.1,1.54,Sobreobturado
IV,27,Incisal,Distal,3.84,Con tejido remanente,Bulk,Bulk,3.82,98.6,14.75,0.93,Equiobturado
IV,27,Incisal,Distal,2.2,Con tejido remanente,Estratificación,Bulk,4.61,106.24,19.62,1.79,Sobreobturado
IV,27,Incisal,Distal,4.62,Con tejido remanente,Bulk,Compuesta,4.21,71.82,9.89,0.95,Subobturado
IV,27,Incisal,Distal,2.88,Limpia,Bulk,Compuesta,4.33,93.85,10.66,0.81,Subobturado
IV,27,Incisal,Distal,3.83,Limpia,Estratificación,Compuesta,2.72,106.97,19.13,0.8,Equiobturado
IV,27,Incisal,Distal,1.79,Limpia,Bulk,Fluida,1.95,73.49,1.44,1.51,Sobreobturado
IV,27,Incisal,Distal,2.67,Limpia,Bulk,Fluida,4.57,55.27,8.5,1.27,Subobturado
